<?xml version="1.0" encoding="UTF-8"?><?xml-stylesheet type='text/xsl' href='_UpgradeReport_Files/UpgradeReport.xslt'?><UpgradeLog>
<Properties><Property Name="Solution" Value="vCardViewer">
</Property><Property Name="Solution File" Value="D:\LumiSoft\Examples\vCardViewer\vCardViewer.sln">
</Property><Property Name="Date" Value="21. aprill 2008. a.">
</Property><Property Name="Time" Value="9:38">
</Property></Properties><Event ErrorLevel="0" Project="vCardViewer" Source="vCardViewer\vCardViewer.csproj" Description="Project converted successfully">
</Event><Event ErrorLevel="3" Project="vCardViewer" Source="vCardViewer\vCardViewer.csproj" Description="Converted">
</Event><Event ErrorLevel="0" Project="" Source="vCardViewer.sln" Description="Solution converted successfully">
</Event><Event ErrorLevel="3" Project="" Source="vCardViewer.sln" Description="Converted">
</Event><Event ErrorLevel="0" Project="vCardViewer" Source="vCardViewer\vCardViewer.csproj" Description="Scan complete: Upgrade not required for project files.">
</Event></UpgradeLog>